<?xml version="1.0" encoding="UTF-8"?>
<document type="com.apple.InterfaceBuilder3.CocoaTouch.Storyboard.XIB" version="3.0" toolsVersion="21701" targetRuntime="iOS.CocoaTouch" propertyAccessControl="none" useAutolayout="YES" useTraitCollections="YES" useSafeAreas="YES" colorMatched="YES" initialViewController="nnW-BN-EGY">
    <device id="retina6_12" orientation="portrait" appearance="light"/>
    <dependencies>
        <deployment identifier="iOS"/>
        <plugIn identifier="com.apple.InterfaceBuilder.IBCocoaTouchPlugin" version="21678"/>
        <capability name="Named colors" minToolsVersion="9.0"/>
        <capability name="Safe area layout guides" minToolsVersion="9.0"/>
        <capability name="System colors in document resources" minToolsVersion="11.0"/>
        <capability name="documents saved in the Xcode 8 format" minToolsVersion="8.0"/>
    </dependencies>
    <scenes>
        <!--View Controller-->
        <scene sceneID="tne-QT-ifu">
            <objects>
                <viewController id="BYZ-38-t0r" customClass="ViewController" customModule="login" customModuleProvider="target" sceneMemberID="viewController">
                    <view key="view" contentMode="scaleToFill" id="8bC-Xf-vdC">
                        <rect key="frame" x="0.0" y="0.0" width="393" height="852"/>
                        <autoresizingMask key="autoresizingMask" widthSizable="YES" heightSizable="YES"/>
                        <subviews>
                            <button opaque="NO" contentMode="scaleToFill" fixedFrame="YES" contentHorizontalAlignment="center" contentVerticalAlignment="center" buttonType="system" lineBreakMode="middleTruncation" translatesAutoresizingMaskIntoConstraints="NO" id="9kV-9E-ucp">
                                <rect key="frame" x="175" y="433" width="61" height="35"/>
                                <autoresizingMask key="autoresizingMask" flexibleMaxX="YES" flexibleMaxY="YES"/>
                                <color key="backgroundColor" white="1" alpha="1" colorSpace="custom" customColorSpace="genericGamma22GrayColorSpace"/>
                                <color key="tintColor" white="0.0" alpha="1" colorSpace="custom" customColorSpace="genericGamma22GrayColorSpace"/>
                                <state key="normal" title="Button"/>
                                <buttonConfiguration key="configuration" style="plain" title="login"/>
                                <connections>
                                    <segue destination="PGm-4k-UqA" kind="show" identifier="goToLogin" id="zVO-ld-Zhd"/>
                                </connections>
                            </button>
                            <button opaque="NO" contentMode="scaleToFill" fixedFrame="YES" contentHorizontalAlignment="center" contentVerticalAlignment="center" buttonType="system" lineBreakMode="middleTruncation" translatesAutoresizingMaskIntoConstraints="NO" id="K6A-G0-BIq">
                                <rect key="frame" x="134" y="537" width="143" height="35"/>
                                <autoresizingMask key="autoresizingMask" flexibleMaxX="YES" flexibleMaxY="YES"/>
                                <color key="backgroundColor" white="1" alpha="1" colorSpace="custom" customColorSpace="genericGamma22GrayColorSpace"/>
                                <color key="tintColor" white="0.0" alpha="1" colorSpace="custom" customColorSpace="genericGamma22GrayColorSpace"/>
                                <state key="normal" title="Button"/>
                                <buttonConfiguration key="configuration" style="plain" title="Create Account"/>
                                <connections>
                                    <segue destination="pa5-eg-b28" kind="show" id="lA7-HI-qai"/>
                                </connections>
                            </button>
                            <label opaque="NO" userInteractionEnabled="NO" contentMode="left" horizontalHuggingPriority="251" verticalHuggingPriority="251" fixedFrame="YES" text="Expense Manager" textAlignment="natural" lineBreakMode="tailTruncation" baselineAdjustment="alignBaselines" adjustsFontSizeToFit="NO" translatesAutoresizingMaskIntoConstraints="NO" id="3PT-U2-5cr">
                                <rect key="frame" x="114" y="116" width="182" height="26"/>
                                <autoresizingMask key="autoresizingMask" flexibleMaxX="YES" flexibleMaxY="YES"/>
                                <color key="tintColor" systemColor="systemCyanColor"/>
                                <fontDescription key="fontDescription" type="system" weight="heavy" pointSize="21"/>
                                <color key="textColor" systemColor="systemMintColor"/>
                                <color key="highlightedColor" name="AccentColor"/>
                            </label>
                            <label opaque="NO" userInteractionEnabled="NO" contentMode="left" horizontalHuggingPriority="251" verticalHuggingPriority="251" fixedFrame="YES" usesAttributedText="YES" lineBreakMode="tailTruncation" baselineAdjustment="alignBaselines" adjustsFontSizeToFit="NO" translatesAutoresizingMaskIntoConstraints="NO" id="clt-ph-ddW">
                                <rect key="frame" x="134" y="289" width="176" height="42"/>
                                <autoresizingMask key="autoresizingMask" flexibleMaxX="YES" flexibleMaxY="YES"/>
                                <attributedString key="attributedText">
                                    <fragment content="Welcome User">
                                        <attributes>
                                            <color key="NSColor" systemColor="systemGreenColor"/>
                                            <font key="NSFont" metaFont="system" size="22"/>
                                            <paragraphStyle key="NSParagraphStyle" alignment="left" lineBreakMode="wordWrapping" baseWritingDirection="natural" tighteningFactorForTruncation="0.0"/>
                                        </attributes>
                                    </fragment>
                                </attributedString>
                                <nil key="highlightedColor"/>
                            </label>
                        </subviews>
                        <viewLayoutGuide key="safeArea" id="6Tk-OE-BBY"/>
                        <color key="backgroundColor" white="0.0" alpha="1" colorSpace="custom" customColorSpace="genericGamma22GrayColorSpace"/>
                    </view>
                    <navigationItem key="navigationItem" id="2gb-8K-g5O"/>
                </viewController>
                <placeholder placeholderIdentifier="IBFirstResponder" id="dkx-z0-nzr" sceneMemberID="firstResponder"/>
            </objects>
            <point key="canvasLocation" x="141.22137404580153" y="52.816901408450704"/>
        </scene>
        <!--Create Account View Controller-->
        <scene sceneID="1h2-hv-mfM">
            <objects>
                <viewController id="pa5-eg-b28" customClass="createAccountViewController" customModule="login" customModuleProvider="target" sceneMemberID="viewController">
                    <view key="view" contentMode="scaleToFill" id="Zgb-b3-fe3">
                        <rect key="frame" x="0.0" y="0.0" width="393" height="852"/>
                        <autoresizingMask key="autoresizingMask" widthSizable="YES" heightSizable="YES"/>
                        <subviews>
                            <textField opaque="NO" contentMode="scaleToFill" horizontalHuggingPriority="248" fixedFrame="YES" contentHorizontalAlignment="left" contentVerticalAlignment="center" borderStyle="roundedRect" placeholder="Enter Email" textAlignment="natural" minimumFontSize="17" translatesAutoresizingMaskIntoConstraints="NO" id="ziA-3D-EBX">
                                <rect key="frame" x="89" y="259" width="215" height="34"/>
                                <autoresizingMask key="autoresizingMask" flexibleMaxX="YES" flexibleMaxY="YES"/>
                                <fontDescription key="fontDescription" type="system" pointSize="14"/>
                                <textInputTraits key="textInputTraits"/>
                            </textField>
                            <label opaque="NO" userInteractionEnabled="NO" contentMode="left" horizontalHuggingPriority="251" verticalHuggingPriority="251" fixedFrame="YES" text="Expense Manager" textAlignment="natural" lineBreakMode="tailTruncation" baselineAdjustment="alignBaselines" adjustsFontSizeToFit="NO" translatesAutoresizingMaskIntoConstraints="NO" id="Prc-Rr-fM0">
                                <rect key="frame" x="115" y="89" width="182" height="68"/>
                                <autoresizingMask key="autoresizingMask" flexibleMaxX="YES" flexibleMaxY="YES"/>
                                <color key="tintColor" systemColor="systemCyanColor"/>
                                <fontDescription key="fontDescription" type="system" weight="heavy" pointSize="21"/>
                                <color key="textColor" systemColor="systemMintColor"/>
                                <color key="highlightedColor" name="AccentColor"/>
                            </label>
                            <textField opaque="NO" contentMode="scaleToFill" horizontalHuggingPriority="248" fixedFrame="YES" contentHorizontalAlignment="left" contentVerticalAlignment="center" borderStyle="roundedRect" placeholder="Enter Name" textAlignment="natural" minimumFontSize="17" translatesAutoresizingMaskIntoConstraints="NO" id="gdh-hG-zN3">
                                <rect key="frame" x="89" y="165" width="215" height="34"/>
                                <autoresizingMask key="autoresizingMask" flexibleMaxX="YES" flexibleMaxY="YES"/>
                                <fontDescription key="fontDescription" type="system" pointSize="14"/>
                                <textInputTraits key="textInputTraits"/>
                            </textField>
                            <button opaque="NO" contentMode="scaleToFill" fixedFrame="YES" contentHorizontalAlignment="center" contentVerticalAlignment="center" buttonType="system" lineBreakMode="middleTruncation" translatesAutoresizingMaskIntoConstraints="NO" id="ucK-Ng-br1">
                                <rect key="frame" x="124" y="441" width="165" height="35"/>
                                <autoresizingMask key="autoresizingMask" flexibleMaxX="YES" flexibleMaxY="YES"/>
                                <color key="backgroundColor" white="1" alpha="1" colorSpace="custom" customColorSpace="genericGamma22GrayColorSpace"/>
                                <color key="tintColor" white="0.0" alpha="1" colorSpace="custom" customColorSpace="genericGamma22GrayColorSpace"/>
                                <state key="normal" title="Button"/>
                                <buttonConfiguration key="configuration" style="plain" title="Create an Account"/>
                                <connections>
                                    <action selector="signupClicked:" destination="pa5-eg-b28" eventType="touchUpInside" id="bsl-XW-xrq"/>
                                    <segue destination="PGm-4k-UqA" kind="show" identifier="goToLogin" id="Oiz-bh-4Y5"/>
                                </connections>
                            </button>
                            <textField opaque="NO" contentMode="scaleToFill" horizontalHuggingPriority="248" fixedFrame="YES" contentHorizontalAlignment="left" contentVerticalAlignment="center" borderStyle="roundedRect" placeholder="Enter Password" textAlignment="natural" minimumFontSize="17" translatesAutoresizingMaskIntoConstraints="NO" id="Bl0-f3-0bW">
                                <rect key="frame" x="89" y="344" width="215" height="34"/>
                                <autoresizingMask key="autoresizingMask" flexibleMaxX="YES" flexibleMaxY="YES"/>
                                <fontDescription key="fontDescription" type="system" pointSize="14"/>
                                <textInputTraits key="textInputTraits"/>
                            </textField>
                        </subviews>
                        <viewLayoutGuide key="safeArea" id="Zek-m1-IP0"/>
                        <color key="backgroundColor" white="0.0" alpha="1" colorSpace="custom" customColorSpace="genericGamma22GrayColorSpace"/>
                    </view>
                    <navigationItem key="navigationItem" id="Zvl-4J-Y9V"/>
                    <connections>
                        <outlet property="emailTextField" destination="ziA-3D-EBX" id="LOb-Jl-vmW"/>
                        <outlet property="nameTextField" destination="gdh-hG-zN3" id="cub-2t-ibc"/>
                        <outlet property="passwordTextField" destination="Bl0-f3-0bW" id="ury-be-yE9"/>
                    </connections>
                </viewController>
                <placeholder placeholderIdentifier="IBFirstResponder" id="mzZ-Vk-nPN" userLabel="First Responder" customClass="UIResponder" sceneMemberID="firstResponder"/>
            </objects>
            <point key="canvasLocation" x="1052.6717557251909" y="559.85915492957747"/>
        </scene>
        <!--MainO View Controller-->
        <scene sceneID="ccG-a0-N6w">
            <objects>
                <viewController id="epz-mg-bDT" customClass="MainOViewController" customModule="login" sceneMemberID="viewController">
                    <view key="view" contentMode="scaleToFill" id="GQY-Bh-bZi">
                        <rect key="frame" x="0.0" y="0.0" width="393" height="852"/>
                        <autoresizingMask key="autoresizingMask" widthSizable="YES" heightSizable="YES"/>
                        <subviews>
                            <textField opaque="NO" contentMode="scaleToFill" horizontalHuggingPriority="248" fixedFrame="YES" contentHorizontalAlignment="left" contentVerticalAlignment="center" borderStyle="roundedRect" placeholder="Enter needs" textAlignment="natural" minimumFontSize="17" translatesAutoresizingMaskIntoConstraints="NO" id="jYt-0p-DkM">
                                <rect key="frame" x="93" y="211" width="214" height="34"/>
                                <autoresizingMask key="autoresizingMask" flexibleMaxX="YES" flexibleMaxY="YES"/>
                                <fontDescription key="fontDescription" type="system" pointSize="14"/>
                                <textInputTraits key="textInputTraits"/>
                            </textField>
                            <textField opaque="NO" contentMode="scaleToFill" horizontalHuggingPriority="248" fixedFrame="YES" contentHorizontalAlignment="left" contentVerticalAlignment="center" borderStyle="roundedRect" placeholder="Enter Luxury" textAlignment="natural" minimumFontSize="17" translatesAutoresizingMaskIntoConstraints="NO" id="VUZ-q6-rFX">
                                <rect key="frame" x="94" y="274" width="214" height="34"/>
                                <autoresizingMask key="autoresizingMask" flexibleMaxX="YES" flexibleMaxY="YES"/>
                                <fontDescription key="fontDescription" type="system" pointSize="14"/>
                                <textInputTraits key="textInputTraits"/>
                            </textField>
                            <textField opaque="NO" contentMode="scaleToFill" horizontalHuggingPriority="248" fixedFrame="YES" contentHorizontalAlignment="left" contentVerticalAlignment="center" borderStyle="roundedRect" placeholder="Enter Saving" textAlignment="natural" minimumFontSize="17" translatesAutoresizingMaskIntoConstraints="NO" id="8rz-FS-V6b">
                                <rect key="frame" x="93" y="345" width="213" height="34"/>
                                <autoresizingMask key="autoresizingMask" flexibleMaxX="YES" flexibleMaxY="YES"/>
                                <fontDescription key="fontDescription" type="system" pointSize="14"/>
                                <textInputTraits key="textInputTraits"/>
                            </textField>
                            <textField opaque="NO" contentMode="scaleToFill" horizontalHuggingPriority="248" fixedFrame="YES" contentHorizontalAlignment="left" contentVerticalAlignment="center" borderStyle="roundedRect" placeholder="Enter Salary" textAlignment="natural" minimumFontSize="17" translatesAutoresizingMaskIntoConstraints="NO" id="5aW-mb-TpU">
                                <rect key="frame" x="94" y="154" width="213" height="34"/>
                                <autoresizingMask key="autoresizingMask" flexibleMaxX="YES" flexibleMaxY="YES"/>
                                <fontDescription key="fontDescription" type="system" pointSize="14"/>
                                <textInputTraits key="textInputTraits"/>
                            </textField>
                            <button opaque="NO" contentMode="scaleToFill" fixedFrame="YES" contentHorizontalAlignment="center" contentVerticalAlignment="center" buttonType="system" lineBreakMode="middleTruncation" translatesAutoresizingMaskIntoConstraints="NO" id="Qs7-rd-8hr">
                                <rect key="frame" x="147" y="425" width="105" height="52"/>
                                <autoresizingMask key="autoresizingMask" flexibleMaxX="YES" flexibleMaxY="YES"/>
                                <color key="backgroundColor" white="1" alpha="1" colorSpace="custom" customColorSpace="genericGamma22GrayColorSpace"/>
                                <state key="normal" title="Button"/>
                                <buttonConfiguration key="configuration" style="plain" title="Submit">
                                    <color key="baseForegroundColor" white="0.0" alpha="1" colorSpace="custom" customColorSpace="genericGamma22GrayColorSpace"/>
                                </buttonConfiguration>
                                <connections>
                                    <action selector="SubmitButton:" destination="epz-mg-bDT" eventType="touchUpInside" id="g2g-94-PtV"/>
                                </connections>
                            </button>
                        </subviews>
                        <viewLayoutGuide key="safeArea" id="6Uc-1b-B0d"/>
                        <color key="backgroundColor" white="0.0" alpha="1" colorSpace="custom" customColorSpace="genericGamma22GrayColorSpace"/>
                    </view>
                    <navigationItem key="navigationItem" id="LLO-tM-CkT"/>
                    <connections>
                        <outlet property="LuxuryTextField" destination="VUZ-q6-rFX" id="xHO-lF-tV9"/>
                        <outlet property="NeedsTextField" destination="jYt-0p-DkM" id="ahT-yO-NAt"/>
                        <outlet property="SalaryTextField" destination="5aW-mb-TpU" id="MTi-oZ-APa"/>
                        <outlet property="SavingTextField" destination="8rz-FS-V6b" id="9bC-be-Dbx"/>
                        <segue destination="cyU-Nc-mRh" kind="show" identifier="goToFinal" id="xR7-N5-6eO"/>
                    </connections>
                </viewController>
                <placeholder placeholderIdentifier="IBFirstResponder" id="VRJ-qN-exk" userLabel="First Responder" customClass="UIResponder" sceneMemberID="firstResponder"/>
            </objects>
            <point key="canvasLocation" x="2071" y="189"/>
        </scene>
        <!--Final View Controller-->
        <scene sceneID="PBZ-ck-q5s">
            <objects>
                <viewController id="cyU-Nc-mRh" customClass="FinalViewController" customModule="login" customModuleProvider="target" sceneMemberID="viewController">
                    <view key="view" contentMode="scaleToFill" id="R8A-kg-a1t">
                        <rect key="frame" x="0.0" y="0.0" width="393" height="852"/>
                        <autoresizingMask key="autoresizingMask" widthSizable="YES" heightSizable="YES"/>
                        <subviews>
                            <textView clipsSubviews="YES" multipleTouchEnabled="YES" contentMode="scaleToFill" fixedFrame="YES" text="Note- We recommend you to adapt these trend in order to spend you salary in best way (According to our model)" textAlignment="natural" translatesAutoresizingMaskIntoConstraints="NO" id="oqb-Xb-xNq">
                                <rect key="frame" x="76" y="680" width="240" height="81"/>
                                <autoresizingMask key="autoresizingMask" flexibleMaxX="YES" flexibleMaxY="YES"/>
                                <color key="backgroundColor" white="0.0" alpha="1" colorSpace="custom" customColorSpace="genericGamma22GrayColorSpace"/>
                                <color key="textColor" systemColor="systemPinkColor"/>
                                <fontDescription key="fontDescription" type="system" pointSize="14"/>
                                <textInputTraits key="textInputTraits" autocapitalizationType="sentences"/>
                            </textView>
                            <textView clipsSubviews="YES" multipleTouchEnabled="YES" contentMode="scaleToFill" fixedFrame="YES" text="Amount you should spend on needs:-" textAlignment="natural" translatesAutoresizingMaskIntoConstraints="NO" id="7JO-y4-cP2">
                                <rect key="frame" x="65" y="123" width="205" height="55"/>
                                <autoresizingMask key="autoresizingMask" flexibleMaxX="YES" flexibleMaxY="YES"/>
                                <color key="textColor" systemColor="systemGreenColor"/>
                                <fontDescription key="fontDescription" type="system" pointSize="14"/>
                                <textInputTraits key="textInputTraits" autocapitalizationType="sentences"/>
                            </textView>
                            <textView clipsSubviews="YES" multipleTouchEnabled="YES" contentMode="scaleToFill" fixedFrame="YES" text="Amount you should spend on savings:-" textAlignment="natural" translatesAutoresizingMaskIntoConstraints="NO" id="7im-nC-VxW">
                                <rect key="frame" x="65" y="262" width="205" height="55"/>
                                <autoresizingMask key="autoresizingMask" flexibleMaxX="YES" flexibleMaxY="YES"/>
                                <color key="textColor" systemColor="systemGreenColor"/>
                                <fontDescription key="fontDescription" type="system" pointSize="14"/>
                                <textInputTraits key="textInputTraits" autocapitalizationType="sentences"/>
                            </textView>
                            <textView clipsSubviews="YES" multipleTouchEnabled="YES" contentMode="scaleToFill" fixedFrame="YES" text="Amount you should spend on luxury:-" textAlignment="natural" translatesAutoresizingMaskIntoConstraints="NO" id="5jR-3q-Dr9">
                                <rect key="frame" x="65" y="399" width="205" height="55"/>
                                <autoresizingMask key="autoresizingMask" flexibleMaxX="YES" flexibleMaxY="YES"/>
                                <color key="textColor" systemColor="systemGreenColor"/>
                                <fontDescription key="fontDescription" type="system" pointSize="14"/>
                                <textInputTraits key="textInputTraits" autocapitalizationType="sentences"/>
                            </textView>
                            <label opaque="NO" userInteractionEnabled="NO" contentMode="left" horizontalHuggingPriority="251" verticalHuggingPriority="251" fixedFrame="YES" text="Value" textAlignment="natural" lineBreakMode="tailTruncation" baselineAdjustment="alignBaselines" adjustsFontSizeToFit="NO" translatesAutoresizingMaskIntoConstraints="NO" id="0Jo-pc-ueA">
                                <rect key="frame" x="140" y="318" width="113" height="33"/>
                                <autoresizingMask key="autoresizingMask" flexibleMaxX="YES" flexibleMaxY="YES"/>
                                <fontDescription key="fontDescription" type="system" pointSize="17"/>
                                <color key="textColor" white="1" alpha="1" colorSpace="custom" customColorSpace="genericGamma22GrayColorSpace"/>
                                <nil key="highlightedColor"/>
                            </label>
                            <label opaque="NO" userInteractionEnabled="NO" contentMode="left" horizontalHuggingPriority="251" verticalHuggingPriority="251" fixedFrame="YES" text="Value" textAlignment="natural" lineBreakMode="tailTruncation" baselineAdjustment="alignBaselines" adjustsFontSizeToFit="NO" translatesAutoresizingMaskIntoConstraints="NO" id="f3e-4R-3Sd">
                                <rect key="frame" x="140" y="168" width="113" height="33"/>
                                <autoresizingMask key="autoresizingMask" flexibleMaxX="YES" flexibleMaxY="YES"/>
                                <fontDescription key="fontDescription" type="system" pointSize="17"/>
                                <color key="textColor" white="1" alpha="1" colorSpace="custom" customColorSpace="genericGamma22GrayColorSpace"/>
                                <nil key="highlightedColor"/>
                            </label>
                            <label opaque="NO" userInteractionEnabled="NO" contentMode="left" horizontalHuggingPriority="251" verticalHuggingPriority="251" fixedFrame="YES" text="Value" textAlignment="natural" lineBreakMode="tailTruncation" baselineAdjustment="alignBaselines" adjustsFontSizeToFit="NO" translatesAutoresizingMaskIntoConstraints="NO" id="MTE-2b-vQg">
                                <rect key="frame" x="140" y="462" width="113" height="33"/>
                                <autoresizingMask key="autoresizingMask" flexibleMaxX="YES" flexibleMaxY="YES"/>
                                <fontDescription key="fontDescription" type="system" pointSize="17"/>
                                <color key="textColor" white="1" alpha="1" colorSpace="custom" customColorSpace="genericGamma22GrayColorSpace"/>
                                <nil key="highlightedColor"/>
                            </label>
                        </subviews>
                        <viewLayoutGuide key="safeArea" id="MuV-Zj-ynC"/>
                        <color key="backgroundColor" white="0.0" alpha="1" colorSpace="custom" customColorSpace="genericGamma22GrayColorSpace"/>
                    </view>
                    <navigationItem key="navigationItem" id="3xD-j6-5g2"/>
                    <connections>
                        <outlet property="luxurylabel" destination="MTE-2b-vQg" id="orw-H3-cjb"/>
                        <outlet property="needlabel" destination="f3e-4R-3Sd" id="xuo-LU-f8s"/>
                        <outlet property="savingslabel" destination="0Jo-pc-ueA" id="M8G-aX-K7l"/>
                    </connections>
                </viewController>
                <placeholder placeholderIdentifier="IBFirstResponder" id="C0o-IC-D2g" userLabel="First Responder" customClass="UIResponder" sceneMemberID="firstResponder"/>
            </objects>
            <point key="canvasLocation" x="2973.2824427480914" y="163.38028169014086"/>
        </scene>
        <!--Login View Controller-->
        <scene sceneID="nb9-nv-WgP">
            <objects>
                <viewController id="PGm-4k-UqA" customClass="LoginViewController" customModule="login" customModuleProvider="target" sceneMemberID="viewController">
                    <view key="view" contentMode="scaleToFill" id="rNz-yg-jML">
                        <rect key="frame" x="0.0" y="0.0" width="393" height="852"/>
                        <autoresizingMask key="autoresizingMask" widthSizable="YES" heightSizable="YES"/>
                        <subviews>
                            <textField opaque="NO" contentMode="scaleToFill" horizontalHuggingPriority="248" fixedFrame="YES" contentHorizontalAlignment="left" contentVerticalAlignment="center" borderStyle="roundedRect" placeholder="Enter Email" textAlignment="natural" minimumFontSize="17" translatesAutoresizingMaskIntoConstraints="NO" id="kMw-NB-q5g">
                                <rect key="frame" x="89" y="273" width="215" height="34"/>
                                <autoresizingMask key="autoresizingMask" flexibleMaxX="YES" flexibleMaxY="YES"/>
                                <fontDescription key="fontDescription" type="system" pointSize="14"/>
                                <textInputTraits key="textInputTraits"/>
                            </textField>
                            <textField opaque="NO" contentMode="scaleToFill" horizontalHuggingPriority="248" fixedFrame="YES" contentHorizontalAlignment="left" contentVerticalAlignment="center" borderStyle="roundedRect" placeholder="Enter Password" textAlignment="natural" minimumFontSize="17" translatesAutoresizingMaskIntoConstraints="NO" id="q0n-mA-koT">
                                <rect key="frame" x="89" y="372" width="215" height="34"/>
                                <autoresizingMask key="autoresizingMask" flexibleMaxX="YES" flexibleMaxY="YES"/>
                                <fontDescription key="fontDescription" type="system" pointSize="14"/>
                                <textInputTraits key="textInputTraits"/>
                            </textField>
                            <button opaque="NO" contentMode="scaleToFill" fixedFrame="YES" contentHorizontalAlignment="center" contentVerticalAlignment="center" buttonType="system" lineBreakMode="middleTruncation" translatesAutoresizingMaskIntoConstraints="NO" id="AK5-XA-YKo">
                                <rect key="frame" x="163" y="467" width="66" height="35"/>
                                <autoresizingMask key="autoresizingMask" flexibleMaxX="YES" flexibleMaxY="YES"/>
                                <color key="backgroundColor" white="1" alpha="1" colorSpace="custom" customColorSpace="genericGamma22GrayColorSpace"/>
                                <color key="tintColor" white="0.0" alpha="1" colorSpace="custom" customColorSpace="genericGamma22GrayColorSpace"/>
                                <state key="normal" title="Button"/>
                                <buttonConfiguration key="configuration" style="plain" title="Login"/>
                                <connections>
                                    <action selector="loginClicked:" destination="PGm-4k-UqA" eventType="touchUpInside" id="pze-R4-wSk"/>
                                </connections>
                            </button>
                            <label opaque="NO" userInteractionEnabled="NO" contentMode="left" horizontalHuggingPriority="251" verticalHuggingPriority="251" fixedFrame="YES" text="Expense Manager" textAlignment="natural" lineBreakMode="tailTruncation" baselineAdjustment="alignBaselines" adjustsFontSizeToFit="NO" translatesAutoresizingMaskIntoConstraints="NO" id="O6M-7k-fp8">
                                <rect key="frame" x="105" y="132" width="182" height="21"/>
                                <autoresizingMask key="autoresizingMask" flexibleMaxX="YES" flexibleMaxY="YES"/>
                                <color key="tintColor" systemColor="systemCyanColor"/>
                                <fontDescription key="fontDescription" type="system" weight="heavy" pointSize="21"/>
                                <color key="textColor" systemColor="systemMintColor"/>
                                <color key="highlightedColor" name="AccentColor"/>
                            </label>
                        </subviews>
                        <viewLayoutGuide key="safeArea" id="kEP-W2-DRB"/>
                        <color key="backgroundColor" white="0.0" alpha="1" colorSpace="custom" customColorSpace="genericGamma22GrayColorSpace"/>
                    </view>
                    <navigationItem key="navigationItem" id="NCh-il-n5d"/>
                    <connections>
                        <outlet property="emailTextField" destination="kMw-NB-q5g" id="Vah-8l-Mmu"/>
                        <outlet property="passwordtextField" destination="q0n-mA-koT" id="mVw-zQ-3iB"/>
                        <segue destination="epz-mg-bDT" kind="show" identifier="goToNext" id="tzb-Wq-bDG"/>
                    </connections>
                </viewController>
                <placeholder placeholderIdentifier="IBFirstResponder" id="goT-1a-V1X" sceneMemberID="firstResponder"/>
            </objects>
            <point key="canvasLocation" x="1120" y="-189"/>
        </scene>
        <!--Navigation Controller-->
        <scene sceneID="s2e-3u-cwe">
            <objects>
                <navigationController automaticallyAdjustsScrollViewInsets="NO" id="nnW-BN-EGY" sceneMemberID="viewController">
                    <toolbarItems/>
                    <navigationBar key="navigationBar" contentMode="scaleToFill" id="4bI-VF-a8k">
                        <rect key="frame" x="0.0" y="59" width="393" height="44"/>
                        <autoresizingMask key="autoresizingMask"/>
                    </navigationBar>
                    <nil name="viewControllers"/>
                    <connections>
                        <segue destination="BYZ-38-t0r" kind="relationship" relationship="rootViewController" id="xqT-Ui-Nft"/>
                    </connections>
                </navigationController>
                <placeholder placeholderIdentifier="IBFirstResponder" id="3kF-eu-rA1" userLabel="First Responder" customClass="UIResponder" sceneMemberID="firstResponder"/>
            </objects>
            <point key="canvasLocation" x="-785.49618320610682" y="52.816901408450704"/>
        </scene>
    </scenes>
    <inferredMetricsTieBreakers>
        <segue reference="zVO-ld-Zhd"/>
    </inferredMetricsTieBreakers>
    <resources>
        <namedColor name="AccentColor">
            <color red="1" green="0.79199999570846558" blue="0.15700000524520874" alpha="1" colorSpace="custom" customColorSpace="sRGB"/>
        </namedColor>
        <systemColor name="systemCyanColor">
            <color red="0.19607843137254902" green="0.67843137254901964" blue="0.90196078431372551" alpha="1" colorSpace="custom" customColorSpace="sRGB"/>
        </systemColor>
        <systemColor name="systemGreenColor">
            <color red="0.20392156862745098" green="0.7803921568627451" blue="0.34901960784313724" alpha="1" colorSpace="custom" customColorSpace="sRGB"/>
        </systemColor>
        <systemColor name="systemMintColor">
            <color red="0.0" green="0.7803921568627451" blue="0.74509803921568629" alpha="1" colorSpace="custom" customColorSpace="sRGB"/>
        </systemColor>
        <systemColor name="systemPinkColor">
            <color red="1" green="0.17647058823529413" blue="0.33333333333333331" alpha="1" colorSpace="custom" customColorSpace="sRGB"/>
        </systemColor>
    </resources>
</document>
